File name,Time,Best primal bound,Active columns in best primal sol,Total columns generated,Solved to opt in one hour
RC_N100_R100_H100_h20_C1_0.2_C2_0.2_M4_F0.8_Lambda0.12_Mu1.2_Ro5_no1,102.762,273.405,5,4720,1
RC_N100_R100_H100_h20_C1_0.2_C2_0.2_M4_F0.8_Lambda0.12_Mu1.2_Ro5_no2,139.344,286.877,5,6637,1
RC_N100_R100_H100_h20_C1_0.2_C2_0.2_M4_F0.8_Lambda0.12_Mu1.2_Ro5_no3,88.6423,263.547,5,4380,1
RC_N100_R100_H100_h20_C1_0.2_C2_0.2_M4_F0.8_Lambda0.12_Mu1.2_Ro5_no4,103.929,268.376,5,5331,1
RC_N100_R100_H100_h20_C1_0.2_C2_0.2_M4_F0.8_Lambda0.12_Mu1.2_Ro5_no5,78.1676,222.624,5,4518,1
RC_N100_R100_H100_h20_C1_0.2_C2_0.2_M6_F0.8_Lambda0.12_Mu1.2_Ro5_no1,86.5497,254.197,7,4199,1
RC_N100_R100_H100_h20_C1_0.2_C2_0.2_M6_F0.8_Lambda0.12_Mu1.2_Ro5_no2,128.584,285.37,7,5748,1
RC_N100_R100_H100_h20_C1_0.2_C2_0.2_M6_F0.8_Lambda0.12_Mu1.2_Ro5_no3,329.804,233.482,7,10003,1
RC_N100_R100_H100_h20_C1_0.2_C2_0.2_M6_F0.8_Lambda0.12_Mu1.2_Ro5_no4,96.5654,237.91,7,5153,1
RC_N100_R100_H100_h20_C1_0.2_C2_0.2_M6_F0.8_Lambda0.12_Mu1.2_Ro5_no5,70.9756,277.526,7,4644,1
RC_N100_R100_H100_h20_C1_0.2_C2_0.2_M8_F0.8_Lambda0.12_Mu1.2_Ro5_no1,149.018,241.325,9,6411,1
RC_N100_R100_H100_h20_C1_0.2_C2_0.2_M8_F0.8_Lambda0.12_Mu1.2_Ro5_no2,230.552,255.704,9,7706,1
RC_N100_R100_H100_h20_C1_0.2_C2_0.2_M8_F0.8_Lambda0.12_Mu1.2_Ro5_no3,1034.22,296.227,9,17884,1
RC_N100_R100_H100_h20_C1_0.2_C2_0.2_M8_F0.8_Lambda0.12_Mu1.2_Ro5_no4,776.844,237.403,9,15253,1
RC_N100_R100_H100_h20_C1_0.2_C2_0.2_M8_F0.8_Lambda0.12_Mu1.2_Ro5_no5,506.521,256.811,9,12883,1
RC_N100_R100_H100_h40_C1_0.2_C2_0.2_M4_F0.8_Lambda0.12_Mu1.2_Ro5_no1,3298.36,534.845,5,24242,1
RC_N100_R100_H100_h40_C1_0.2_C2_0.2_M4_F0.8_Lambda0.12_Mu1.2_Ro5_no2,1424.67,554.253,5,17866,1
RC_N100_R100_H100_h40_C1_0.2_C2_0.2_M4_F0.8_Lambda0.12_Mu1.2_Ro5_no3,978.52,557.267,5,12952,1
RC_N100_R100_H100_h40_C1_0.2_C2_0.2_M4_F0.8_Lambda0.12_Mu1.2_Ro5_no4,829.544,516.944,5,12669,1
RC_N100_R100_H100_h40_C1_0.2_C2_0.2_M4_F0.8_Lambda0.12_Mu1.2_Ro5_no5,3954.53,619.813,5,26719,0
RC_N100_R100_H100_h40_C1_0.2_C2_0.2_M6_F0.8_Lambda0.12_Mu1.2_Ro5_no1,1668.75,543.088,7,18251,1
RC_N100_R100_H100_h40_C1_0.2_C2_0.2_M6_F0.8_Lambda0.12_Mu1.2_Ro5_no2,977.351,511.915,7,13408,1
RC_N100_R100_H100_h40_C1_0.2_C2_0.2_M6_F0.8_Lambda0.12_Mu1.2_Ro5_no3,9753.91,475.314,7,42720,0
RC_N100_R100_H100_h40_C1_0.2_C2_0.2_M6_F0.8_Lambda0.12_Mu1.2_Ro5_no4,5987.33,533.938,7,33537,0
RC_N100_R100_H100_h40_C1_0.2_C2_0.2_M6_F0.8_Lambda0.12_Mu1.2_Ro5_no5,1139.46,545.702,6,14580,1
RC_N100_R100_H100_h40_C1_0.2_C2_0.2_M8_F0.8_Lambda0.12_Mu1.2_Ro5_no1,588.778,532.23,9,10061,1
RC_N100_R100_H100_h40_C1_0.2_C2_0.2_M8_F0.8_Lambda0.12_Mu1.2_Ro5_no2,3291.05,491.907,9,22700,1
RC_N100_R100_H100_h40_C1_0.2_C2_0.2_M8_F0.8_Lambda0.12_Mu1.2_Ro5_no3,1331.7,509.101,9,16211,1
RC_N100_R100_H100_h40_C1_0.2_C2_0.2_M8_F0.8_Lambda0.12_Mu1.2_Ro5_no4,1859.87,533.338,9,18556,1
RC_N100_R100_H100_h40_C1_0.2_C2_0.2_M8_F0.8_Lambda0.12_Mu1.2_Ro5_no5,2446.26,538.766,9,21565,1
RC_N100_R100_H100_h60_C1_0.2_C2_0.2_M4_F0.8_Lambda0.12_Mu1.2_Ro5_no1,635.83,729.418,5,9112,1
RC_N100_R100_H100_h60_C1_0.2_C2_0.2_M4_F0.8_Lambda0.12_Mu1.2_Ro5_no2,116.913,794.778,5,3793,1
RC_N100_R100_H100_h60_C1_0.2_C2_0.2_M4_F0.8_Lambda0.12_Mu1.2_Ro5_no3,498.698,771.448,5,6899,1
RC_N100_R100_H100_h60_C1_0.2_C2_0.2_M4_F0.8_Lambda0.12_Mu1.2_Ro5_no4,679.971,848.973,5,10339,1
RC_N100_R100_H100_h60_C1_0.2_C2_0.2_M4_F0.8_Lambda0.12_Mu1.2_Ro5_no5,384.56,753.147,5,7565,1
RC_N100_R100_H100_h60_C1_0.2_C2_0.2_M6_F0.8_Lambda0.12_Mu1.2_Ro5_no1,124.775,807.85,7,4033,1
RC_N100_R100_H100_h60_C1_0.2_C2_0.2_M6_F0.8_Lambda0.12_Mu1.2_Ro5_no2,18.6281,738.968,7,1356,1
RC_N100_R100_H100_h60_C1_0.2_C2_0.2_M6_F0.8_Lambda0.12_Mu1.2_Ro5_no3,293.173,820.014,6,7045,1
RC_N100_R100_H100_h60_C1_0.2_C2_0.2_M6_F0.8_Lambda0.12_Mu1.2_Ro5_no4,9.52814,727.301,4,231,1
RC_N100_R100_H100_h60_C1_0.2_C2_0.2_M6_F0.8_Lambda0.12_Mu1.2_Ro5_no5,3.70501,741.165,5,188,1
RC_N100_R100_H100_h60_C1_0.2_C2_0.2_M8_F0.8_Lambda0.12_Mu1.2_Ro5_no1,7.45869,706.825,6,300,1
RC_N100_R100_H100_h60_C1_0.2_C2_0.2_M8_F0.8_Lambda0.12_Mu1.2_Ro5_no2,2.8476,701.765,6,139,1
RC_N100_R100_H100_h60_C1_0.2_C2_0.2_M8_F0.8_Lambda0.12_Mu1.2_Ro5_no3,59.2285,782.486,8,965,1
RC_N100_R100_H100_h60_C1_0.2_C2_0.2_M8_F0.8_Lambda0.12_Mu1.2_Ro5_no4,302.179,728.31,9,5527,1
RC_N100_R100_H100_h60_C1_0.2_C2_0.2_M8_F0.8_Lambda0.12_Mu1.2_Ro5_no5,19.7131,714.301,7,643,1
RC_N100_R100_H100_h80_C1_0.2_C2_0.2_M4_F0.8_Lambda0.12_Mu1.2_Ro5_no1,1.20982,876.758,2,46,1
RC_N100_R100_H100_h80_C1_0.2_C2_0.2_M4_F0.8_Lambda0.12_Mu1.2_Ro5_no2,0.0275495,832.22,1,3,1
RC_N100_R100_H100_h80_C1_0.2_C2_0.2_M4_F0.8_Lambda0.12_Mu1.2_Ro5_no3,0.255475,880.355,1,41,1
RC_N100_R100_H100_h80_C1_0.2_C2_0.2_M4_F0.8_Lambda0.12_Mu1.2_Ro5_no4,1.98184,964.353,2,140,1
RC_N100_R100_H100_h80_C1_0.2_C2_0.2_M4_F0.8_Lambda0.12_Mu1.2_Ro5_no5,0.179709,884.253,2,19,1
RC_N100_R100_H100_h80_C1_0.2_C2_0.2_M6_F0.8_Lambda0.12_Mu1.2_Ro5_no1,1.41525,912.821,2,74,1
RC_N100_R100_H100_h80_C1_0.2_C2_0.2_M6_F0.8_Lambda0.12_Mu1.2_Ro5_no2,0.348858,903.49,1,3,1
RC_N100_R100_H100_h80_C1_0.2_C2_0.2_M6_F0.8_Lambda0.12_Mu1.2_Ro5_no3,0.510606,894.566,1,4,1
RC_N100_R100_H100_h80_C1_0.2_C2_0.2_M6_F0.8_Lambda0.12_Mu1.2_Ro5_no4,0.666051,934.36,2,32,1
RC_N100_R100_H100_h80_C1_0.2_C2_0.2_M6_F0.8_Lambda0.12_Mu1.2_Ro5_no5,1.53951,928.059,1,60,1
RC_N100_R100_H100_h80_C1_0.2_C2_0.2_M8_F0.8_Lambda0.12_Mu1.2_Ro5_no1,5.77853,1028.7,1,201,1
RC_N100_R100_H100_h80_C1_0.2_C2_0.2_M8_F0.8_Lambda0.12_Mu1.2_Ro5_no2,1.13916,970.107,1,3,1
RC_N100_R100_H100_h80_C1_0.2_C2_0.2_M8_F0.8_Lambda0.12_Mu1.2_Ro5_no3,1.13817,875.898,1,137,1
RC_N100_R100_H100_h80_C1_0.2_C2_0.2_M8_F0.8_Lambda0.12_Mu1.2_Ro5_no4,0.756706,875.329,1,15,1
RC_N100_R100_H100_h80_C1_0.2_C2_0.2_M8_F0.8_Lambda0.12_Mu1.2_Ro5_no5,0.229455,788.846,1,29,1
RC_N10_R100_H100_h20_C1_0.2_C2_0.2_M4_F0.8_Lambda0.12_Mu1.2_Ro5_no1,0.0821564,16.0987,2,22,1
RC_N10_R100_H100_h20_C1_0.2_C2_0.2_M4_F0.8_Lambda0.12_Mu1.2_Ro5_no2,0.101405,22.2929,2,20,1
RC_N10_R100_H100_h20_C1_0.2_C2_0.2_M4_F0.8_Lambda0.12_Mu1.2_Ro5_no3,0.0516044,21.8308,3,17,1
RC_N10_R100_H100_h20_C1_0.2_C2_0.2_M4_F0.8_Lambda0.12_Mu1.2_Ro5_no4,0.117475,26.0206,3,29,1
RC_N10_R100_H100_h20_C1_0.2_C2_0.2_M4_F0.8_Lambda0.12_Mu1.2_Ro5_no5,0.113394,19.1606,3,21,1
RC_N10_R100_H100_h20_C1_0.2_C2_0.2_M6_F0.8_Lambda0.12_Mu1.2_Ro5_no1,0.124315,21.9954,1,36,1
RC_N10_R100_H100_h20_C1_0.2_C2_0.2_M6_F0.8_Lambda0.12_Mu1.2_Ro5_no2,0.124834,13.5875,2,25,1
RC_N10_R100_H100_h20_C1_0.2_C2_0.2_M6_F0.8_Lambda0.12_Mu1.2_Ro5_no3,0.0897934,20.0056,3,21,1
RC_N10_R100_H100_h20_C1_0.2_C2_0.2_M6_F0.8_Lambda0.12_Mu1.2_Ro5_no4,0.0716865,19.8303,4,18,1
RC_N10_R100_H100_h20_C1_0.2_C2_0.2_M6_F0.8_Lambda0.12_Mu1.2_Ro5_no5,0.145889,13.3624,4,20,1
RC_N10_R100_H100_h20_C1_0.2_C2_0.2_M8_F0.8_Lambda0.12_Mu1.2_Ro5_no1,0.178354,24.6114,5,36,1
RC_N10_R100_H100_h20_C1_0.2_C2_0.2_M8_F0.8_Lambda0.12_Mu1.2_Ro5_no2,0.137384,28.1167,2,40,1
RC_N10_R100_H100_h20_C1_0.2_C2_0.2_M8_F0.8_Lambda0.12_Mu1.2_Ro5_no3,0.130891,20.5949,1,30,1
RC_N10_R100_H100_h20_C1_0.2_C2_0.2_M8_F0.8_Lambda0.12_Mu1.2_Ro5_no4,0.107827,14.0716,1,24,1
RC_N10_R100_H100_h20_C1_0.2_C2_0.2_M8_F0.8_Lambda0.12_Mu1.2_Ro5_no5,0.120966,26.1632,2,30,1
RC_N10_R100_H100_h40_C1_0.2_C2_0.2_M4_F0.8_Lambda0.12_Mu1.2_Ro5_no1,0.274597,49.5806,5,32,1
RC_N10_R100_H100_h40_C1_0.2_C2_0.2_M4_F0.8_Lambda0.12_Mu1.2_Ro5_no2,0.324788,49.7954,1,87,1
RC_N10_R100_H100_h40_C1_0.2_C2_0.2_M4_F0.8_Lambda0.12_Mu1.2_Ro5_no3,0.158707,46.4031,1,39,1
RC_N10_R100_H100_h40_C1_0.2_C2_0.2_M4_F0.8_Lambda0.12_Mu1.2_Ro5_no4,0.0444758,42.8279,2,21,1
RC_N10_R100_H100_h40_C1_0.2_C2_0.2_M4_F0.8_Lambda0.12_Mu1.2_Ro5_no5,0.139022,51.5902,1,33,1
RC_N10_R100_H100_h40_C1_0.2_C2_0.2_M6_F0.8_Lambda0.12_Mu1.2_Ro5_no1,0.156354,48.2894,1,36,1
RC_N10_R100_H100_h40_C1_0.2_C2_0.2_M6_F0.8_Lambda0.12_Mu1.2_Ro5_no2,0.122793,25.9765,1,40,1
RC_N10_R100_H100_h40_C1_0.2_C2_0.2_M6_F0.8_Lambda0.12_Mu1.2_Ro5_no3,0.102617,32.4216,2,28,1
RC_N10_R100_H100_h40_C1_0.2_C2_0.2_M6_F0.8_Lambda0.12_Mu1.2_Ro5_no4,0.0656864,48.7832,1,19,1
RC_N10_R100_H100_h40_C1_0.2_C2_0.2_M6_F0.8_Lambda0.12_Mu1.2_Ro5_no5,0.0757352,29.3921,3,28,1
RC_N10_R100_H100_h40_C1_0.2_C2_0.2_M8_F0.8_Lambda0.12_Mu1.2_Ro5_no1,0.133826,39.335,2,29,1
RC_N10_R100_H100_h40_C1_0.2_C2_0.2_M8_F0.8_Lambda0.12_Mu1.2_Ro5_no2,0.0855925,40.8467,2,25,1
RC_N10_R100_H100_h40_C1_0.2_C2_0.2_M8_F0.8_Lambda0.12_Mu1.2_Ro5_no3,0.142196,48.0916,2,38,1
RC_N10_R100_H100_h40_C1_0.2_C2_0.2_M8_F0.8_Lambda0.12_Mu1.2_Ro5_no4,0.177909,58.0879,1,44,1
RC_N10_R100_H100_h40_C1_0.2_C2_0.2_M8_F0.8_Lambda0.12_Mu1.2_Ro5_no5,0.0734499,44.6456,1,28,1
RC_N10_R100_H100_h60_C1_0.2_C2_0.2_M4_F0.8_Lambda0.12_Mu1.2_Ro5_no1,0.0208789,87.7189,1,9,1
RC_N10_R100_H100_h60_C1_0.2_C2_0.2_M4_F0.8_Lambda0.12_Mu1.2_Ro5_no2,0.102496,80.2498,2,19,1
RC_N10_R100_H100_h60_C1_0.2_C2_0.2_M4_F0.8_Lambda0.12_Mu1.2_Ro5_no3,0.168278,68.3426,1,32,1
RC_N10_R100_H100_h60_C1_0.2_C2_0.2_M4_F0.8_Lambda0.12_Mu1.2_Ro5_no4,0.0998374,57.1794,1,19,1
RC_N10_R100_H100_h60_C1_0.2_C2_0.2_M4_F0.8_Lambda0.12_Mu1.2_Ro5_no5,0.0715474,74.8237,1,22,1
RC_N10_R100_H100_h60_C1_0.2_C2_0.2_M6_F0.8_Lambda0.12_Mu1.2_Ro5_no1,0.0431715,63.2036,1,18,1
RC_N10_R100_H100_h60_C1_0.2_C2_0.2_M6_F0.8_Lambda0.12_Mu1.2_Ro5_no2,0.0300412,80.7486,1,8,1
RC_N10_R100_H100_h60_C1_0.2_C2_0.2_M6_F0.8_Lambda0.12_Mu1.2_Ro5_no3,0.0678909,51.7193,1,12,1
RC_N10_R100_H100_h60_C1_0.2_C2_0.2_M6_F0.8_Lambda0.12_Mu1.2_Ro5_no4,0.0356827,63.2312,2,10,1
RC_N10_R100_H100_h60_C1_0.2_C2_0.2_M6_F0.8_Lambda0.12_Mu1.2_Ro5_no5,0.0496569,66.3879,2,13,1
RC_N10_R100_H100_h60_C1_0.2_C2_0.2_M8_F0.8_Lambda0.12_Mu1.2_Ro5_no1,0.0278896,59.4053,2,9,1
RC_N10_R100_H100_h60_C1_0.2_C2_0.2_M8_F0.8_Lambda0.12_Mu1.2_Ro5_no2,0.0265172,54.7653,2,12,1
RC_N10_R100_H100_h60_C1_0.2_C2_0.2_M8_F0.8_Lambda0.12_Mu1.2_Ro5_no3,0.0451126,40.2953,2,16,1
RC_N10_R100_H100_h60_C1_0.2_C2_0.2_M8_F0.8_Lambda0.12_Mu1.2_Ro5_no4,0.146159,64.8524,2,23,1
RC_N10_R100_H100_h60_C1_0.2_C2_0.2_M8_F0.8_Lambda0.12_Mu1.2_Ro5_no5,0.0735082,81.3442,1,16,1
RC_N10_R100_H100_h80_C1_0.2_C2_0.2_M4_F0.8_Lambda0.12_Mu1.2_Ro5_no1,0.0178438,85.3941,2,4,1
RC_N10_R100_H100_h80_C1_0.2_C2_0.2_M4_F0.8_Lambda0.12_Mu1.2_Ro5_no2,0.0175618,78.188,1,3,1
RC_N10_R100_H100_h80_C1_0.2_C2_0.2_M4_F0.8_Lambda0.12_Mu1.2_Ro5_no3,0.0305279,88.8893,1,2,1
RC_N10_R100_H100_h80_C1_0.2_C2_0.2_M4_F0.8_Lambda0.12_Mu1.2_Ro5_no4,0.0740551,92.2181,1,3,1
RC_N10_R100_H100_h80_C1_0.2_C2_0.2_M4_F0.8_Lambda0.12_Mu1.2_Ro5_no5,0.0367605,83.3965,1,4,1
RC_N10_R100_H100_h80_C1_0.2_C2_0.2_M6_F0.8_Lambda0.12_Mu1.2_Ro5_no1,0.0512116,79.4119,1,4,1
RC_N10_R100_H100_h80_C1_0.2_C2_0.2_M6_F0.8_Lambda0.12_Mu1.2_Ro5_no2,0.0333288,67.2903,1,4,1
RC_N10_R100_H100_h80_C1_0.2_C2_0.2_M6_F0.8_Lambda0.12_Mu1.2_Ro5_no3,0.0597147,98.6531,1,3,1
RC_N10_R100_H100_h80_C1_0.2_C2_0.2_M6_F0.8_Lambda0.12_Mu1.2_Ro5_no4,0.0317803,71.2396,1,3,1
RC_N10_R100_H100_h80_C1_0.2_C2_0.2_M6_F0.8_Lambda0.12_Mu1.2_Ro5_no5,0.0236523,82.1501,1,3,1
RC_N10_R100_H100_h80_C1_0.2_C2_0.2_M8_F0.8_Lambda0.12_Mu1.2_Ro5_no1,0.0329278,75.8559,1,3,1
RC_N10_R100_H100_h80_C1_0.2_C2_0.2_M8_F0.8_Lambda0.12_Mu1.2_Ro5_no2,0.0399013,77.2278,1,3,1
RC_N10_R100_H100_h80_C1_0.2_C2_0.2_M8_F0.8_Lambda0.12_Mu1.2_Ro5_no3,0.0332425,75.771,1,3,1
RC_N10_R100_H100_h80_C1_0.2_C2_0.2_M8_F0.8_Lambda0.12_Mu1.2_Ro5_no4,0.0918695,75.6011,1,3,1
RC_N10_R100_H100_h80_C1_0.2_C2_0.2_M8_F0.8_Lambda0.12_Mu1.2_Ro5_no5,0.0360267,71.1502,1,2,1
RC_N20_R100_H100_h20_C1_0.2_C2_0.2_M4_F0.8_Lambda0.12_Mu1.2_Ro5_no1,2.91742,41.7565,2,594,1
RC_N20_R100_H100_h20_C1_0.2_C2_0.2_M4_F0.8_Lambda0.12_Mu1.2_Ro5_no2,1.4685,48.9066,3,551,1
RC_N20_R100_H100_h20_C1_0.2_C2_0.2_M4_F0.8_Lambda0.12_Mu1.2_Ro5_no3,3.63529,57.2599,4,742,1
RC_N20_R100_H100_h20_C1_0.2_C2_0.2_M4_F0.8_Lambda0.12_Mu1.2_Ro5_no4,4.187,65.3756,2,825,1
RC_N20_R100_H100_h20_C1_0.2_C2_0.2_M4_F0.8_Lambda0.12_Mu1.2_Ro5_no5,4.80496,52.5613,5,984,1
RC_N20_R100_H100_h20_C1_0.2_C2_0.2_M6_F0.8_Lambda0.12_Mu1.2_Ro5_no1,0.817915,65.4196,2,295,1
RC_N20_R100_H100_h20_C1_0.2_C2_0.2_M6_F0.8_Lambda0.12_Mu1.2_Ro5_no2,2.49431,61.3768,6,511,1
RC_N20_R100_H100_h20_C1_0.2_C2_0.2_M6_F0.8_Lambda0.12_Mu1.2_Ro5_no3,3.94497,58.0887,5,794,1
RC_N20_R100_H100_h20_C1_0.2_C2_0.2_M6_F0.8_Lambda0.12_Mu1.2_Ro5_no4,1.64547,53.4452,4,520,1
RC_N20_R100_H100_h20_C1_0.2_C2_0.2_M6_F0.8_Lambda0.12_Mu1.2_Ro5_no5,1.83722,54.9989,1,490,1
RC_N20_R100_H100_h20_C1_0.2_C2_0.2_M8_F0.8_Lambda0.12_Mu1.2_Ro5_no1,13.532,51.6881,4,1776,1
RC_N20_R100_H100_h20_C1_0.2_C2_0.2_M8_F0.8_Lambda0.12_Mu1.2_Ro5_no2,1.84645,41.0142,2,554,1
RC_N20_R100_H100_h20_C1_0.2_C2_0.2_M8_F0.8_Lambda0.12_Mu1.2_Ro5_no3,2.56155,47.8515,4,621,1
RC_N20_R100_H100_h20_C1_0.2_C2_0.2_M8_F0.8_Lambda0.12_Mu1.2_Ro5_no4,5.47155,48.3899,2,1019,1
RC_N20_R100_H100_h20_C1_0.2_C2_0.2_M8_F0.8_Lambda0.12_Mu1.2_Ro5_no5,1.56957,46.4131,3,427,1
RC_N20_R100_H100_h40_C1_0.2_C2_0.2_M4_F0.8_Lambda0.12_Mu1.2_Ro5_no1,1.36069,88.4525,4,426,1
RC_N20_R100_H100_h40_C1_0.2_C2_0.2_M4_F0.8_Lambda0.12_Mu1.2_Ro5_no2,12.1996,106.194,2,1559,1
RC_N20_R100_H100_h40_C1_0.2_C2_0.2_M4_F0.8_Lambda0.12_Mu1.2_Ro5_no3,9.81975,93.8058,4,1157,1
RC_N20_R100_H100_h40_C1_0.2_C2_0.2_M4_F0.8_Lambda0.12_Mu1.2_Ro5_no4,0.157296,117.771,3,73,1
RC_N20_R100_H100_h40_C1_0.2_C2_0.2_M4_F0.8_Lambda0.12_Mu1.2_Ro5_no5,0.944996,89.5984,4,272,1
RC_N20_R100_H100_h40_C1_0.2_C2_0.2_M6_F0.8_Lambda0.12_Mu1.2_Ro5_no1,1.55775,116.116,4,368,1
RC_N20_R100_H100_h40_C1_0.2_C2_0.2_M6_F0.8_Lambda0.12_Mu1.2_Ro5_no2,2.47375,101.217,2,619,1
RC_N20_R100_H100_h40_C1_0.2_C2_0.2_M6_F0.8_Lambda0.12_Mu1.2_Ro5_no3,0.834544,109.589,4,237,1
RC_N20_R100_H100_h40_C1_0.2_C2_0.2_M6_F0.8_Lambda0.12_Mu1.2_Ro5_no4,2.55472,90.2974,3,624,1
RC_N20_R100_H100_h40_C1_0.2_C2_0.2_M6_F0.8_Lambda0.12_Mu1.2_Ro5_no5,1.14559,99.5592,2,221,1
RC_N20_R100_H100_h40_C1_0.2_C2_0.2_M8_F0.8_Lambda0.12_Mu1.2_Ro5_no1,5.76822,108.129,3,711,1
RC_N20_R100_H100_h40_C1_0.2_C2_0.2_M8_F0.8_Lambda0.12_Mu1.2_Ro5_no2,0.927892,87.7402,3,265,1
RC_N20_R100_H100_h40_C1_0.2_C2_0.2_M8_F0.8_Lambda0.12_Mu1.2_Ro5_no3,3.71297,96.0828,5,580,1
RC_N20_R100_H100_h40_C1_0.2_C2_0.2_M8_F0.8_Lambda0.12_Mu1.2_Ro5_no4,5.04773,128.803,5,918,1
RC_N20_R100_H100_h40_C1_0.2_C2_0.2_M8_F0.8_Lambda0.12_Mu1.2_Ro5_no5,1.39027,110.978,2,361,1
RC_N20_R100_H100_h60_C1_0.2_C2_0.2_M4_F0.8_Lambda0.12_Mu1.2_Ro5_no1,0.857886,144.106,2,105,1
RC_N20_R100_H100_h60_C1_0.2_C2_0.2_M4_F0.8_Lambda0.12_Mu1.2_Ro5_no2,0.522713,171.758,4,82,1
RC_N20_R100_H100_h60_C1_0.2_C2_0.2_M4_F0.8_Lambda0.12_Mu1.2_Ro5_no3,0.07691,148.553,1,14,1
RC_N20_R100_H100_h60_C1_0.2_C2_0.2_M4_F0.8_Lambda0.12_Mu1.2_Ro5_no4,0.0535321,138.738,2,18,1
RC_N20_R100_H100_h60_C1_0.2_C2_0.2_M4_F0.8_Lambda0.12_Mu1.2_Ro5_no5,0.559669,167.159,2,124,1
RC_N20_R100_H100_h60_C1_0.2_C2_0.2_M6_F0.8_Lambda0.12_Mu1.2_Ro5_no1,0.0585692,154.392,2,19,1
RC_N20_R100_H100_h60_C1_0.2_C2_0.2_M6_F0.8_Lambda0.12_Mu1.2_Ro5_no2,0.0943296,121.173,1,13,1
RC_N20_R100_H100_h60_C1_0.2_C2_0.2_M6_F0.8_Lambda0.12_Mu1.2_Ro5_no3,0.645029,172.115,4,103,1
RC_N20_R100_H100_h60_C1_0.2_C2_0.2_M6_F0.8_Lambda0.12_Mu1.2_Ro5_no4,0.208518,143.348,2,74,1
RC_N20_R100_H100_h60_C1_0.2_C2_0.2_M6_F0.8_Lambda0.12_Mu1.2_Ro5_no5,0.291942,141.234,3,84,1
RC_N20_R100_H100_h60_C1_0.2_C2_0.2_M8_F0.8_Lambda0.12_Mu1.2_Ro5_no1,0.287727,138.357,2,89,1
RC_N20_R100_H100_h60_C1_0.2_C2_0.2_M8_F0.8_Lambda0.12_Mu1.2_Ro5_no2,0.860348,137.139,3,127,1
RC_N20_R100_H100_h60_C1_0.2_C2_0.2_M8_F0.8_Lambda0.12_Mu1.2_Ro5_no3,0.384324,169.904,2,73,1
RC_N20_R100_H100_h60_C1_0.2_C2_0.2_M8_F0.8_Lambda0.12_Mu1.2_Ro5_no4,0.393504,112.869,2,119,1
RC_N20_R100_H100_h60_C1_0.2_C2_0.2_M8_F0.8_Lambda0.12_Mu1.2_Ro5_no5,0.388729,145.869,2,90,1
RC_N20_R100_H100_h80_C1_0.2_C2_0.2_M4_F0.8_Lambda0.12_Mu1.2_Ro5_no1,0.0220633,167.946,1,3,1
RC_N20_R100_H100_h80_C1_0.2_C2_0.2_M4_F0.8_Lambda0.12_Mu1.2_Ro5_no2,0.0247997,193.063,1,6,1
RC_N20_R100_H100_h80_C1_0.2_C2_0.2_M4_F0.8_Lambda0.12_Mu1.2_Ro5_no3,0.0302681,137.816,1,4,1
RC_N20_R100_H100_h80_C1_0.2_C2_0.2_M4_F0.8_Lambda0.12_Mu1.2_Ro5_no4,0.0236371,177.387,1,6,1
RC_N20_R100_H100_h80_C1_0.2_C2_0.2_M4_F0.8_Lambda0.12_Mu1.2_Ro5_no5,0.0568931,179.31,1,7,1
RC_N20_R100_H100_h80_C1_0.2_C2_0.2_M6_F0.8_Lambda0.12_Mu1.2_Ro5_no1,0.0255395,214.355,1,2,1
RC_N20_R100_H100_h80_C1_0.2_C2_0.2_M6_F0.8_Lambda0.12_Mu1.2_Ro5_no2,0.0748463,139.689,1,3,1
RC_N20_R100_H100_h80_C1_0.2_C2_0.2_M6_F0.8_Lambda0.12_Mu1.2_Ro5_no3,0.181241,163.916,1,3,1
RC_N20_R100_H100_h80_C1_0.2_C2_0.2_M6_F0.8_Lambda0.12_Mu1.2_Ro5_no4,0.0275298,169.883,1,3,1
RC_N20_R100_H100_h80_C1_0.2_C2_0.2_M6_F0.8_Lambda0.12_Mu1.2_Ro5_no5,0.0315418,166.213,1,3,1
RC_N20_R100_H100_h80_C1_0.2_C2_0.2_M8_F0.8_Lambda0.12_Mu1.2_Ro5_no1,0.0607718,190.955,1,4,1
RC_N20_R100_H100_h80_C1_0.2_C2_0.2_M8_F0.8_Lambda0.12_Mu1.2_Ro5_no2,0.0481377,187.148,1,4,1
RC_N20_R100_H100_h80_C1_0.2_C2_0.2_M8_F0.8_Lambda0.12_Mu1.2_Ro5_no3,0.0133549,164.613,2,4,1
RC_N20_R100_H100_h80_C1_0.2_C2_0.2_M8_F0.8_Lambda0.12_Mu1.2_Ro5_no4,0.148008,103.877,1,3,1
RC_N20_R100_H100_h80_C1_0.2_C2_0.2_M8_F0.8_Lambda0.12_Mu1.2_Ro5_no5,0.0775986,189.98,1,5,1
RC_N30_R100_H100_h20_C1_0.2_C2_0.2_M4_F0.8_Lambda0.12_Mu1.2_Ro5_no1,30.1157,75.1104,5,2815,1
RC_N30_R100_H100_h20_C1_0.2_C2_0.2_M4_F0.8_Lambda0.12_Mu1.2_Ro5_no2,3600.21,83.5808,5,26043,0
RC_N30_R100_H100_h20_C1_0.2_C2_0.2_M4_F0.8_Lambda0.12_Mu1.2_Ro5_no3,3435.52,78.632,5,25019,1
RC_N30_R100_H100_h20_C1_0.2_C2_0.2_M4_F0.8_Lambda0.12_Mu1.2_Ro5_no4,3600.19,94.4366,5,26768,0
RC_N30_R100_H100_h20_C1_0.2_C2_0.2_M4_F0.8_Lambda0.12_Mu1.2_Ro5_no5,924.291,78.432,5,15973,1
RC_N30_R100_H100_h20_C1_0.2_C2_0.2_M6_F0.8_Lambda0.12_Mu1.2_Ro5_no1,86.7396,59.8215,5,5962,1
RC_N30_R100_H100_h20_C1_0.2_C2_0.2_M6_F0.8_Lambda0.12_Mu1.2_Ro5_no2,2336.8,86.0314,6,25096,1
RC_N30_R100_H100_h20_C1_0.2_C2_0.2_M6_F0.8_Lambda0.12_Mu1.2_Ro5_no3,338.678,57.631,4,11477,1
RC_N30_R100_H100_h20_C1_0.2_C2_0.2_M6_F0.8_Lambda0.12_Mu1.2_Ro5_no4,410.958,82.5788,4,12215,1
RC_N30_R100_H100_h20_C1_0.2_C2_0.2_M6_F0.8_Lambda0.12_Mu1.2_Ro5_no5,97.2811,72.9508,4,6371,1
RC_N30_R100_H100_h20_C1_0.2_C2_0.2_M8_F0.8_Lambda0.12_Mu1.2_Ro5_no1,60.6621,70.1109,3,5078,1
RC_N30_R100_H100_h20_C1_0.2_C2_0.2_M8_F0.8_Lambda0.12_Mu1.2_Ro5_no2,147.082,84.3022,3,7451,1
RC_N30_R100_H100_h20_C1_0.2_C2_0.2_M8_F0.8_Lambda0.12_Mu1.2_Ro5_no3,19.3203,75.0207,6,2791,1
RC_N30_R100_H100_h20_C1_0.2_C2_0.2_M8_F0.8_Lambda0.12_Mu1.2_Ro5_no4,173.568,60.2114,4,8051,1
RC_N30_R100_H100_h20_C1_0.2_C2_0.2_M8_F0.8_Lambda0.12_Mu1.2_Ro5_no5,29.8083,85.4221,6,3653,1
RC_N30_R100_H100_h40_C1_0.2_C2_0.2_M4_F0.8_Lambda0.12_Mu1.2_Ro5_no1,5.11658,150.528,5,1136,1
RC_N30_R100_H100_h40_C1_0.2_C2_0.2_M4_F0.8_Lambda0.12_Mu1.2_Ro5_no2,126.805,146.406,5,5143,1
RC_N30_R100_H100_h40_C1_0.2_C2_0.2_M4_F0.8_Lambda0.12_Mu1.2_Ro5_no3,1.41137,132.168,3,283,1
RC_N30_R100_H100_h40_C1_0.2_C2_0.2_M4_F0.8_Lambda0.12_Mu1.2_Ro5_no4,9.76086,133.534,5,1105,1
RC_N30_R100_H100_h40_C1_0.2_C2_0.2_M4_F0.8_Lambda0.12_Mu1.2_Ro5_no5,14.0216,150.528,5,1593,1
RC_N30_R100_H100_h40_C1_0.2_C2_0.2_M6_F0.8_Lambda0.12_Mu1.2_Ro5_no1,1.62176,147.49,4,298,1
RC_N30_R100_H100_h40_C1_0.2_C2_0.2_M6_F0.8_Lambda0.12_Mu1.2_Ro5_no2,11.1581,139.363,7,1529,1
RC_N30_R100_H100_h40_C1_0.2_C2_0.2_M6_F0.8_Lambda0.12_Mu1.2_Ro5_no3,3.44168,183.339,4,583,1
RC_N30_R100_H100_h40_C1_0.2_C2_0.2_M6_F0.8_Lambda0.12_Mu1.2_Ro5_no4,30.4867,159.78,7,2540,1
RC_N30_R100_H100_h40_C1_0.2_C2_0.2_M6_F0.8_Lambda0.12_Mu1.2_Ro5_no5,62.1058,133.265,5,4276,1
RC_N30_R100_H100_h40_C1_0.2_C2_0.2_M8_F0.8_Lambda0.12_Mu1.2_Ro5_no1,14.4791,127.618,6,1973,1
RC_N30_R100_H100_h40_C1_0.2_C2_0.2_M8_F0.8_Lambda0.12_Mu1.2_Ro5_no2,25.0041,124.418,6,2599,1
RC_N30_R100_H100_h40_C1_0.2_C2_0.2_M8_F0.8_Lambda0.12_Mu1.2_Ro5_no3,3.79873,146.739,5,876,1
RC_N30_R100_H100_h40_C1_0.2_C2_0.2_M8_F0.8_Lambda0.12_Mu1.2_Ro5_no4,72.2924,172.751,4,3840,1
RC_N30_R100_H100_h40_C1_0.2_C2_0.2_M8_F0.8_Lambda0.12_Mu1.2_Ro5_no5,191.517,159.914,9,6059,1
RC_N30_R100_H100_h60_C1_0.2_C2_0.2_M4_F0.8_Lambda0.12_Mu1.2_Ro5_no1,0.218444,197.107,2,25,1
RC_N30_R100_H100_h60_C1_0.2_C2_0.2_M4_F0.8_Lambda0.12_Mu1.2_Ro5_no2,194.778,242.232,5,3300,1
RC_N30_R100_H100_h60_C1_0.2_C2_0.2_M4_F0.8_Lambda0.12_Mu1.2_Ro5_no3,1.23663,250.536,4,254,1
RC_N30_R100_H100_h60_C1_0.2_C2_0.2_M4_F0.8_Lambda0.12_Mu1.2_Ro5_no4,0.176631,193.431,3,32,1
RC_N30_R100_H100_h60_C1_0.2_C2_0.2_M4_F0.8_Lambda0.12_Mu1.2_Ro5_no5,1.29757,236.346,4,134,1
RC_N30_R100_H100_h60_C1_0.2_C2_0.2_M6_F0.8_Lambda0.12_Mu1.2_Ro5_no1,1.31517,212.501,4,275,1
RC_N30_R100_H100_h60_C1_0.2_C2_0.2_M6_F0.8_Lambda0.12_Mu1.2_Ro5_no2,0.170073,234.998,1,14,1
RC_N30_R100_H100_h60_C1_0.2_C2_0.2_M6_F0.8_Lambda0.12_Mu1.2_Ro5_no3,1.51514,205.365,4,177,1
RC_N30_R100_H100_h60_C1_0.2_C2_0.2_M6_F0.8_Lambda0.12_Mu1.2_Ro5_no4,3.01516,246.405,4,399,1
RC_N30_R100_H100_h60_C1_0.2_C2_0.2_M6_F0.8_Lambda0.12_Mu1.2_Ro5_no5,1.27775,199.042,3,192,1
RC_N30_R100_H100_h60_C1_0.2_C2_0.2_M8_F0.8_Lambda0.12_Mu1.2_Ro5_no1,7.7042,237.369,5,396,1
RC_N30_R100_H100_h60_C1_0.2_C2_0.2_M8_F0.8_Lambda0.12_Mu1.2_Ro5_no2,0.917686,225.217,2,138,1
RC_N30_R100_H100_h60_C1_0.2_C2_0.2_M8_F0.8_Lambda0.12_Mu1.2_Ro5_no3,0.483736,222.695,3,60,1
RC_N30_R100_H100_h60_C1_0.2_C2_0.2_M8_F0.8_Lambda0.12_Mu1.2_Ro5_no4,0.737966,218.445,2,43,1
RC_N30_R100_H100_h60_C1_0.2_C2_0.2_M8_F0.8_Lambda0.12_Mu1.2_Ro5_no5,0.55068,219.92,4,64,1
RC_N30_R100_H100_h80_C1_0.2_C2_0.2_M4_F0.8_Lambda0.12_Mu1.2_Ro5_no1,0.356126,222.632,1,6,1
RC_N30_R100_H100_h80_C1_0.2_C2_0.2_M4_F0.8_Lambda0.12_Mu1.2_Ro5_no2,0.0161361,258.721,1,4,1
RC_N30_R100_H100_h80_C1_0.2_C2_0.2_M4_F0.8_Lambda0.12_Mu1.2_Ro5_no3,0.0412206,278.63,1,8,1
RC_N30_R100_H100_h80_C1_0.2_C2_0.2_M4_F0.8_Lambda0.12_Mu1.2_Ro5_no4,0.0367514,254.167,1,8,1
RC_N30_R100_H100_h80_C1_0.2_C2_0.2_M4_F0.8_Lambda0.12_Mu1.2_Ro5_no5,0.210455,282.201,1,4,1
RC_N30_R100_H100_h80_C1_0.2_C2_0.2_M6_F0.8_Lambda0.12_Mu1.2_Ro5_no1,0.0637994,287.502,1,3,1
RC_N30_R100_H100_h80_C1_0.2_C2_0.2_M6_F0.8_Lambda0.12_Mu1.2_Ro5_no2,0.0145893,262.206,1,4,1
RC_N30_R100_H100_h80_C1_0.2_C2_0.2_M6_F0.8_Lambda0.12_Mu1.2_Ro5_no3,0.220933,304.476,1,5,1
RC_N30_R100_H100_h80_C1_0.2_C2_0.2_M6_F0.8_Lambda0.12_Mu1.2_Ro5_no4,0.0339657,253.988,1,4,1
RC_N30_R100_H100_h80_C1_0.2_C2_0.2_M6_F0.8_Lambda0.12_Mu1.2_Ro5_no5,0.0833878,260.318,1,4,1
RC_N30_R100_H100_h80_C1_0.2_C2_0.2_M8_F0.8_Lambda0.12_Mu1.2_Ro5_no1,0.143204,276.364,1,6,1
RC_N30_R100_H100_h80_C1_0.2_C2_0.2_M8_F0.8_Lambda0.12_Mu1.2_Ro5_no2,0.205433,274.354,1,6,1
RC_N30_R100_H100_h80_C1_0.2_C2_0.2_M8_F0.8_Lambda0.12_Mu1.2_Ro5_no3,0.03491,305.731,1,5,1
RC_N30_R100_H100_h80_C1_0.2_C2_0.2_M8_F0.8_Lambda0.12_Mu1.2_Ro5_no4,0.147069,296.688,1,6,1
RC_N30_R100_H100_h80_C1_0.2_C2_0.2_M8_F0.8_Lambda0.12_Mu1.2_Ro5_no5,0.0313082,241.564,1,3,1
RC_N40_R100_H100_h20_C1_0.2_C2_0.2_M4_F0.8_Lambda0.12_Mu1.2_Ro5_no1,4.50831,115.234,5,1225,1
RC_N40_R100_H100_h20_C1_0.2_C2_0.2_M4_F0.8_Lambda0.12_Mu1.2_Ro5_no2,14.4432,101.962,5,2240,1
RC_N40_R100_H100_h20_C1_0.2_C2_0.2_M4_F0.8_Lambda0.12_Mu1.2_Ro5_no3,2.79233,103.869,5,873,1
RC_N40_R100_H100_h20_C1_0.2_C2_0.2_M4_F0.8_Lambda0.12_Mu1.2_Ro5_no4,79.6861,112.619,5,5587,1
RC_N40_R100_H100_h20_C1_0.2_C2_0.2_M4_F0.8_Lambda0.12_Mu1.2_Ro5_no5,2535.08,104.976,5,25696,1
RC_N40_R100_H100_h20_C1_0.2_C2_0.2_M6_F0.8_Lambda0.12_Mu1.2_Ro5_no1,949.185,90.9968,7,13239,1
RC_N40_R100_H100_h20_C1_0.2_C2_0.2_M6_F0.8_Lambda0.12_Mu1.2_Ro5_no2,631.876,112.819,7,13138,1
RC_N40_R100_H100_h20_C1_0.2_C2_0.2_M6_F0.8_Lambda0.12_Mu1.2_Ro5_no3,16.8489,89.2896,7,2548,1
RC_N40_R100_H100_h20_C1_0.2_C2_0.2_M6_F0.8_Lambda0.12_Mu1.2_Ro5_no4,141.632,110.405,7,6661,1
RC_N40_R100_H100_h20_C1_0.2_C2_0.2_M6_F0.8_Lambda0.12_Mu1.2_Ro5_no5,31.3184,87.5824,7,3534,1
RC_N40_R100_H100_h20_C1_0.2_C2_0.2_M8_F0.8_Lambda0.12_Mu1.2_Ro5_no1,3600.25,100.074,8,29582,0
RC_N40_R100_H100_h20_C1_0.2_C2_0.2_M8_F0.8_Lambda0.12_Mu1.2_Ro5_no2,3600.38,113.711,6,29067,0
RC_N40_R100_H100_h20_C1_0.2_C2_0.2_M8_F0.8_Lambda0.12_Mu1.2_Ro5_no3,3600.07,105.816,9,28570,0
RC_N40_R100_H100_h20_C1_0.2_C2_0.2_M8_F0.8_Lambda0.12_Mu1.2_Ro5_no4,3600.02,89.2228,5,32425,0
RC_N40_R100_H100_h20_C1_0.2_C2_0.2_M8_F0.8_Lambda0.12_Mu1.2_Ro5_no5,3600.33,98.4605,6,31314,0
RC_N40_R100_H100_h40_C1_0.2_C2_0.2_M4_F0.8_Lambda0.12_Mu1.2_Ro5_no1,4.78821,172.95,5,1116,1
RC_N40_R100_H100_h40_C1_0.2_C2_0.2_M4_F0.8_Lambda0.12_Mu1.2_Ro5_no2,113.04,228.96,5,4133,1
RC_N40_R100_H100_h40_C1_0.2_C2_0.2_M4_F0.8_Lambda0.12_Mu1.2_Ro5_no3,101.381,212.166,5,3793,1
RC_N40_R100_H100_h40_C1_0.2_C2_0.2_M4_F0.8_Lambda0.12_Mu1.2_Ro5_no4,3.25976,227.653,5,1035,1
RC_N40_R100_H100_h40_C1_0.2_C2_0.2_M4_F0.8_Lambda0.12_Mu1.2_Ro5_no5,29.9337,210.659,5,2470,1
RC_N40_R100_H100_h40_C1_0.2_C2_0.2_M6_F0.8_Lambda0.12_Mu1.2_Ro5_no1,43.187,210.859,7,3139,1
RC_N40_R100_H100_h40_C1_0.2_C2_0.2_M6_F0.8_Lambda0.12_Mu1.2_Ro5_no2,118.337,199.294,7,5829,1
RC_N40_R100_H100_h40_C1_0.2_C2_0.2_M6_F0.8_Lambda0.12_Mu1.2_Ro5_no3,19.5833,214.581,7,2498,1
RC_N40_R100_H100_h40_C1_0.2_C2_0.2_M6_F0.8_Lambda0.12_Mu1.2_Ro5_no4,12.3535,193.466,7,1936,1
RC_N40_R100_H100_h40_C1_0.2_C2_0.2_M6_F0.8_Lambda0.12_Mu1.2_Ro5_no5,9.66562,232.95,6,1130,1
RC_N40_R100_H100_h40_C1_0.2_C2_0.2_M8_F0.8_Lambda0.12_Mu1.2_Ro5_no1,1500.05,203.923,9,14186,1
RC_N40_R100_H100_h40_C1_0.2_C2_0.2_M8_F0.8_Lambda0.12_Mu1.2_Ro5_no2,509.407,225.238,9,9819,1
RC_N40_R100_H100_h40_C1_0.2_C2_0.2_M8_F0.8_Lambda0.12_Mu1.2_Ro5_no3,123.338,207.255,6,3793,1
RC_N40_R100_H100_h40_C1_0.2_C2_0.2_M8_F0.8_Lambda0.12_Mu1.2_Ro5_no4,3.40256,195.99,5,353,1
RC_N40_R100_H100_h40_C1_0.2_C2_0.2_M8_F0.8_Lambda0.12_Mu1.2_Ro5_no5,1950.34,238.31,9,17926,1
RC_N40_R100_H100_h60_C1_0.2_C2_0.2_M4_F0.8_Lambda0.12_Mu1.2_Ro5_no1,1.38589,370.333,2,156,1
RC_N40_R100_H100_h60_C1_0.2_C2_0.2_M4_F0.8_Lambda0.12_Mu1.2_Ro5_no2,4.29792,311.219,4,278,1
RC_N40_R100_H100_h60_C1_0.2_C2_0.2_M4_F0.8_Lambda0.12_Mu1.2_Ro5_no3,1.36202,298.642,4,138,1
RC_N40_R100_H100_h60_C1_0.2_C2_0.2_M4_F0.8_Lambda0.12_Mu1.2_Ro5_no4,12.4512,328.907,5,1735,1
RC_N40_R100_H100_h60_C1_0.2_C2_0.2_M4_F0.8_Lambda0.12_Mu1.2_Ro5_no5,3.13339,248.728,5,678,1
RC_N40_R100_H100_h60_C1_0.2_C2_0.2_M6_F0.8_Lambda0.12_Mu1.2_Ro5_no1,0.582271,289.116,2,89,1
RC_N40_R100_H100_h60_C1_0.2_C2_0.2_M6_F0.8_Lambda0.12_Mu1.2_Ro5_no2,6.56346,321.56,3,432,1
RC_N40_R100_H100_h60_C1_0.2_C2_0.2_M6_F0.8_Lambda0.12_Mu1.2_Ro5_no3,2.45652,302.303,2,166,1
RC_N40_R100_H100_h60_C1_0.2_C2_0.2_M6_F0.8_Lambda0.12_Mu1.2_Ro5_no4,2.87106,355.933,3,157,1
RC_N40_R100_H100_h60_C1_0.2_C2_0.2_M6_F0.8_Lambda0.12_Mu1.2_Ro5_no5,4.83232,328.107,7,427,1
RC_N40_R100_H100_h60_C1_0.2_C2_0.2_M8_F0.8_Lambda0.12_Mu1.2_Ro5_no1,4.75973,284.066,3,336,1
RC_N40_R100_H100_h60_C1_0.2_C2_0.2_M8_F0.8_Lambda0.12_Mu1.2_Ro5_no2,15.3543,271.971,3,454,1
RC_N40_R100_H100_h60_C1_0.2_C2_0.2_M8_F0.8_Lambda0.12_Mu1.2_Ro5_no3,1.25534,330.57,4,158,1
RC_N40_R100_H100_h60_C1_0.2_C2_0.2_M8_F0.8_Lambda0.12_Mu1.2_Ro5_no4,6.83004,296.686,5,306,1
RC_N40_R100_H100_h60_C1_0.2_C2_0.2_M8_F0.8_Lambda0.12_Mu1.2_Ro5_no5,39.2068,317.729,8,1570,1
RC_N40_R100_H100_h80_C1_0.2_C2_0.2_M4_F0.8_Lambda0.12_Mu1.2_Ro5_no1,0.0435675,334.65,1,10,1
RC_N40_R100_H100_h80_C1_0.2_C2_0.2_M4_F0.8_Lambda0.12_Mu1.2_Ro5_no2,0.0400287,275.612,1,8,1
RC_N40_R100_H100_h80_C1_0.2_C2_0.2_M4_F0.8_Lambda0.12_Mu1.2_Ro5_no3,0.047906,297.686,1,17,1
RC_N40_R100_H100_h80_C1_0.2_C2_0.2_M4_F0.8_Lambda0.12_Mu1.2_Ro5_no4,0.495655,338.417,1,28,1
RC_N40_R100_H100_h80_C1_0.2_C2_0.2_M4_F0.8_Lambda0.12_Mu1.2_Ro5_no5,0.502497,408.558,1,22,1
RC_N40_R100_H100_h80_C1_0.2_C2_0.2_M6_F0.8_Lambda0.12_Mu1.2_Ro5_no1,0.0900988,362.536,1,10,1
RC_N40_R100_H100_h80_C1_0.2_C2_0.2_M6_F0.8_Lambda0.12_Mu1.2_Ro5_no2,0.0653756,374.457,2,6,1
RC_N40_R100_H100_h80_C1_0.2_C2_0.2_M6_F0.8_Lambda0.12_Mu1.2_Ro5_no3,0.311335,388.059,1,23,1
RC_N40_R100_H100_h80_C1_0.2_C2_0.2_M6_F0.8_Lambda0.12_Mu1.2_Ro5_no4,0.165642,329.608,1,10,1
RC_N40_R100_H100_h80_C1_0.2_C2_0.2_M6_F0.8_Lambda0.12_Mu1.2_Ro5_no5,0.519264,385.13,1,4,1
RC_N40_R100_H100_h80_C1_0.2_C2_0.2_M8_F0.8_Lambda0.12_Mu1.2_Ro5_no1,0.110479,385.909,1,36,1
RC_N40_R100_H100_h80_C1_0.2_C2_0.2_M8_F0.8_Lambda0.12_Mu1.2_Ro5_no2,0.291072,461.789,1,4,1
RC_N40_R100_H100_h80_C1_0.2_C2_0.2_M8_F0.8_Lambda0.12_Mu1.2_Ro5_no3,0.0936659,283.423,1,7,1
RC_N40_R100_H100_h80_C1_0.2_C2_0.2_M8_F0.8_Lambda0.12_Mu1.2_Ro5_no4,0.109969,352.652,1,3,1
RC_N40_R100_H100_h80_C1_0.2_C2_0.2_M8_F0.8_Lambda0.12_Mu1.2_Ro5_no5,0.118992,383.863,1,5,1
RC_N50_R100_H100_h20_C1_0.2_C2_0.2_M4_F0.8_Lambda0.12_Mu1.2_Ro5_no1,18.7077,130.72,5,2514,1
RC_N50_R100_H100_h20_C1_0.2_C2_0.2_M4_F0.8_Lambda0.12_Mu1.2_Ro5_no2,54.0041,139.363,5,4662,1
RC_N50_R100_H100_h20_C1_0.2_C2_0.2_M4_F0.8_Lambda0.12_Mu1.2_Ro5_no3,23.0538,135.042,5,2865,1
RC_N50_R100_H100_h20_C1_0.2_C2_0.2_M4_F0.8_Lambda0.12_Mu1.2_Ro5_no4,5.01753,124.784,5,1512,1
RC_N50_R100_H100_h20_C1_0.2_C2_0.2_M4_F0.8_Lambda0.12_Mu1.2_Ro5_no5,23.678,132.027,5,2818,1
RC_N50_R100_H100_h20_C1_0.2_C2_0.2_M6_F0.8_Lambda0.12_Mu1.2_Ro5_no1,171.366,132.627,7,8453,1
RC_N50_R100_H100_h20_C1_0.2_C2_0.2_M6_F0.8_Lambda0.12_Mu1.2_Ro5_no2,342.923,133.534,7,10307,1
RC_N50_R100_H100_h20_C1_0.2_C2_0.2_M6_F0.8_Lambda0.12_Mu1.2_Ro5_no3,179.631,138.763,7,8350,1
RC_N50_R100_H100_h20_C1_0.2_C2_0.2_M6_F0.8_Lambda0.12_Mu1.2_Ro5_no4,35.0714,108.698,7,3674,1
RC_N50_R100_H100_h20_C1_0.2_C2_0.2_M6_F0.8_Lambda0.12_Mu1.2_Ro5_no5,3.72298,107.79,7,985,1
RC_N50_R100_H100_h20_C1_0.2_C2_0.2_M8_F0.8_Lambda0.12_Mu1.2_Ro5_no1,63.4883,116.341,9,5055,1
RC_N50_R100_H100_h20_C1_0.2_C2_0.2_M8_F0.8_Lambda0.12_Mu1.2_Ro5_no2,399.44,120.262,9,12330,1
RC_N50_R100_H100_h20_C1_0.2_C2_0.2_M8_F0.8_Lambda0.12_Mu1.2_Ro5_no3,1874.55,129.413,9,22207,1
RC_N50_R100_H100_h20_C1_0.2_C2_0.2_M8_F0.8_Lambda0.12_Mu1.2_Ro5_no4,99.478,135.442,9,5920,1
RC_N50_R100_H100_h20_C1_0.2_C2_0.2_M8_F0.8_Lambda0.12_Mu1.2_Ro5_no5,575.183,141.178,9,13913,1
RC_N50_R100_H100_h40_C1_0.2_C2_0.2_M4_F0.8_Lambda0.12_Mu1.2_Ro5_no1,29.7553,211.966,5,3024,1
RC_N50_R100_H100_h40_C1_0.2_C2_0.2_M4_F0.8_Lambda0.12_Mu1.2_Ro5_no2,171.288,251.582,5,6481,1
RC_N50_R100_H100_h40_C1_0.2_C2_0.2_M4_F0.8_Lambda0.12_Mu1.2_Ro5_no3,84.7201,245.754,5,4764,1
RC_N50_R100_H100_h40_C1_0.2_C2_0.2_M4_F0.8_Lambda0.12_Mu1.2_Ro5_no4,6.32134,230.267,5,1545,1
RC_N50_R100_H100_h40_C1_0.2_C2_0.2_M4_F0.8_Lambda0.12_Mu1.2_Ro5_no5,30.2303,258.118,5,3548,1
RC_N50_R100_H100_h40_C1_0.2_C2_0.2_M6_F0.8_Lambda0.12_Mu1.2_Ro5_no1,105.571,296.027,7,4329,1
RC_N50_R100_H100_h40_C1_0.2_C2_0.2_M6_F0.8_Lambda0.12_Mu1.2_Ro5_no2,38.95,263.147,7,3389,1
RC_N50_R100_H100_h40_C1_0.2_C2_0.2_M6_F0.8_Lambda0.12_Mu1.2_Ro5_no3,116.591,262.747,7,4656,1
RC_N50_R100_H100_h40_C1_0.2_C2_0.2_M6_F0.8_Lambda0.12_Mu1.2_Ro5_no4,32.2775,236.803,7,2817,1
RC_N50_R100_H100_h40_C1_0.2_C2_0.2_M6_F0.8_Lambda0.12_Mu1.2_Ro5_no5,194.198,272.498,7,6188,1
RC_N50_R100_H100_h40_C1_0.2_C2_0.2_M8_F0.8_Lambda0.12_Mu1.2_Ro5_no1,30.5363,297.134,8,2875,1
RC_N50_R100_H100_h40_C1_0.2_C2_0.2_M8_F0.8_Lambda0.12_Mu1.2_Ro5_no2,30.0329,264.254,9,3111,1
RC_N50_R100_H100_h40_C1_0.2_C2_0.2_M8_F0.8_Lambda0.12_Mu1.2_Ro5_no3,1398.52,237.91,9,17460,1
RC_N50_R100_H100_h40_C1_0.2_C2_0.2_M8_F0.8_Lambda0.12_Mu1.2_Ro5_no4,180.016,225.438,9,5375,1
RC_N50_R100_H100_h40_C1_0.2_C2_0.2_M8_F0.8_Lambda0.12_Mu1.2_Ro5_no5,68.5653,243.539,9,4083,1
RC_N50_R100_H100_h60_C1_0.2_C2_0.2_M4_F0.8_Lambda0.12_Mu1.2_Ro5_no1,20.0198,441.126,5,1678,1
RC_N50_R100_H100_h60_C1_0.2_C2_0.2_M4_F0.8_Lambda0.12_Mu1.2_Ro5_no2,28.074,400.003,5,1711,1
RC_N50_R100_H100_h60_C1_0.2_C2_0.2_M4_F0.8_Lambda0.12_Mu1.2_Ro5_no3,4.22794,399.658,4,279,1
RC_N50_R100_H100_h60_C1_0.2_C2_0.2_M4_F0.8_Lambda0.12_Mu1.2_Ro5_no4,0.947512,322.371,5,489,1
RC_N50_R100_H100_h60_C1_0.2_C2_0.2_M4_F0.8_Lambda0.12_Mu1.2_Ro5_no5,1.75168,379.219,4,169,1
RC_N50_R100_H100_h60_C1_0.2_C2_0.2_M6_F0.8_Lambda0.12_Mu1.2_Ro5_no1,8.17526,385.043,6,567,1
RC_N50_R100_H100_h60_C1_0.2_C2_0.2_M6_F0.8_Lambda0.12_Mu1.2_Ro5_no2,449.944,420.211,7,4662,1
RC_N50_R100_H100_h60_C1_0.2_C2_0.2_M6_F0.8_Lambda0.12_Mu1.2_Ro5_no3,2.2501,326.659,4,150,1
RC_N50_R100_H100_h60_C1_0.2_C2_0.2_M6_F0.8_Lambda0.12_Mu1.2_Ro5_no4,5.09924,383.326,6,236,1
RC_N50_R100_H100_h60_C1_0.2_C2_0.2_M6_F0.8_Lambda0.12_Mu1.2_Ro5_no5,0.273966,434.547,5,45,1
RC_N50_R100_H100_h60_C1_0.2_C2_0.2_M8_F0.8_Lambda0.12_Mu1.2_Ro5_no1,15.9807,352.353,4,589,1
RC_N50_R100_H100_h60_C1_0.2_C2_0.2_M8_F0.8_Lambda0.12_Mu1.2_Ro5_no2,1.86182,411.192,2,206,1
RC_N50_R100_H100_h60_C1_0.2_C2_0.2_M8_F0.8_Lambda0.12_Mu1.2_Ro5_no3,15.4966,458.15,8,625,1
RC_N50_R100_H100_h60_C1_0.2_C2_0.2_M8_F0.8_Lambda0.12_Mu1.2_Ro5_no4,4.09491,359.555,4,261,1
RC_N50_R100_H100_h60_C1_0.2_C2_0.2_M8_F0.8_Lambda0.12_Mu1.2_Ro5_no5,1.87499,399.709,5,148,1
RC_N50_R100_H100_h80_C1_0.2_C2_0.2_M4_F0.8_Lambda0.12_Mu1.2_Ro5_no1,0.365694,475.868,2,23,1
RC_N50_R100_H100_h80_C1_0.2_C2_0.2_M4_F0.8_Lambda0.12_Mu1.2_Ro5_no2,0.162484,393.826,1,36,1
RC_N50_R100_H100_h80_C1_0.2_C2_0.2_M4_F0.8_Lambda0.12_Mu1.2_Ro5_no3,0.0605727,477.094,1,15,1
RC_N50_R100_H100_h80_C1_0.2_C2_0.2_M4_F0.8_Lambda0.12_Mu1.2_Ro5_no4,0.0910596,441.96,1,4,1
RC_N50_R100_H100_h80_C1_0.2_C2_0.2_M4_F0.8_Lambda0.12_Mu1.2_Ro5_no5,0.220324,435.44,2,34,1
RC_N50_R100_H100_h80_C1_0.2_C2_0.2_M6_F0.8_Lambda0.12_Mu1.2_Ro5_no1,0.12073,516.226,2,8,1
RC_N50_R100_H100_h80_C1_0.2_C2_0.2_M6_F0.8_Lambda0.12_Mu1.2_Ro5_no2,0.0661315,457.523,2,6,1
RC_N50_R100_H100_h80_C1_0.2_C2_0.2_M6_F0.8_Lambda0.12_Mu1.2_Ro5_no3,0.0259861,391.41,1,12,1
RC_N50_R100_H100_h80_C1_0.2_C2_0.2_M6_F0.8_Lambda0.12_Mu1.2_Ro5_no4,0.0204521,407.727,2,4,1
RC_N50_R100_H100_h80_C1_0.2_C2_0.2_M6_F0.8_Lambda0.12_Mu1.2_Ro5_no5,0.341168,402.668,1,7,1
RC_N50_R100_H100_h80_C1_0.2_C2_0.2_M8_F0.8_Lambda0.12_Mu1.2_Ro5_no1,0.662684,449.258,1,5,1
RC_N50_R100_H100_h80_C1_0.2_C2_0.2_M8_F0.8_Lambda0.12_Mu1.2_Ro5_no2,0.395891,461.286,1,12,1
RC_N50_R100_H100_h80_C1_0.2_C2_0.2_M8_F0.8_Lambda0.12_Mu1.2_Ro5_no3,0.156952,453.794,1,7,1
RC_N50_R100_H100_h80_C1_0.2_C2_0.2_M8_F0.8_Lambda0.12_Mu1.2_Ro5_no4,0.87249,389.299,1,8,1
RC_N50_R100_H100_h80_C1_0.2_C2_0.2_M8_F0.8_Lambda0.12_Mu1.2_Ro5_no5,0.466518,491.06,1,4,1